[
{
    "model": "dashboard.userdashboardmodule",
    "pk": 1,
    "fields": {
        "title": "Quick links",
        "module": "jet.dashboard.modules.LinkList",
        "app_label": null,
        "user": 1,
        "column": 0,
        "order": 0,
        "settings": "{\"draggable\": false, \"deletable\": false, \"collapsible\": false, \"layout\": \"inline\"}",
        "children": "[{\"title\": \"Return to site\", \"url\": \"/\"}, {\"title\": \"Alterar senha\", \"url\": \"/admin/password_change/\"}, {\"title\": \"Encerrar sess\\u00e3o\", \"url\": \"/admin/logout/\"}]",
        "collapsed": false
    }
},
{
    "model": "dashboard.userdashboardmodule",
    "pk": 2,
    "fields": {
        "title": "Aplica\u00e7\u00f5es",
        "module": "jet.dashboard.modules.AppList",
        "app_label": null,
        "user": 1,
        "column": 1,
        "order": 0,
        "settings": "{\"models\": null, \"exclude\": [\"auth.*\"]}",
        "children": "",
        "collapsed": false
    }
},
{
    "model": "dashboard.userdashboardmodule",
    "pk": 3,
    "fields": {
        "title": "Administra\u00e7\u00e3o",
        "module": "jet.dashboard.modules.AppList",
        "app_label": null,
        "user": 1,
        "column": 2,
        "order": 0,
        "settings": "{\"models\": [\"auth.*\"], \"exclude\": null}",
        "children": "",
        "collapsed": false
    }
},
{
    "model": "dashboard.userdashboardmodule",
    "pk": 4,
    "fields": {
        "title": "Recent Actions",
        "module": "jet.dashboard.modules.RecentActions",
        "app_label": null,
        "user": 1,
        "column": 0,
        "order": 1,
        "settings": "{\"limit\": 10, \"include_list\": null, \"exclude_list\": null, \"user\": null}",
        "children": "",
        "collapsed": false
    }
},
{
    "model": "dashboard.userdashboardmodule",
    "pk": 5,
    "fields": {
        "title": "Latest Django News",
        "module": "jet.dashboard.modules.Feed",
        "app_label": null,
        "user": 1,
        "column": 1,
        "order": 1,
        "settings": "{\"feed_url\": \"http://www.djangoproject.com/rss/weblog/\", \"limit\": 5}",
        "children": "",
        "collapsed": false
    }
},
{
    "model": "dashboard.userdashboardmodule",
    "pk": 6,
    "fields": {
        "title": "Support",
        "module": "jet.dashboard.modules.LinkList",
        "app_label": null,
        "user": 1,
        "column": 2,
        "order": 1,
        "settings": "{\"draggable\": true, \"deletable\": true, \"collapsible\": true, \"layout\": \"stacked\"}",
        "children": "[{\"title\": \"Django documentation\", \"url\": \"http://docs.djangoproject.com/\", \"external\": true}, {\"title\": \"Django \\\"django-users\\\" mailing list\", \"url\": \"http://groups.google.com/group/django-users\", \"external\": true}, {\"title\": \"Django irc channel\", \"url\": \"irc://irc.freenode.net/django\", \"external\": true}]",
        "collapsed": false
    }
},
{
    "model": "dashboard.userdashboardmodule",
    "pk": 7,
    "fields": {
        "title": "Application models",
        "module": "jet.dashboard.modules.ModelList",
        "app_label": "badge",
        "user": 1,
        "column": 0,
        "order": 0,
        "settings": "{\"models\": [\"badge.*\"], \"exclude\": null}",
        "children": "",
        "collapsed": false
    }
},
{
    "model": "dashboard.userdashboardmodule",
    "pk": 8,
    "fields": {
        "title": "Recent Actions",
        "module": "jet.dashboard.modules.RecentActions",
        "app_label": "badge",
        "user": 1,
        "column": 1,
        "order": 0,
        "settings": "{\"limit\": 10, \"include_list\": [\"badge.*\"], \"exclude_list\": null, \"user\": null}",
        "children": "",
        "collapsed": false
    }
},
{
    "model": "auth.user",
    "fields": {
        "password": "pbkdf2_sha256$150000$GSmoV8xz0cpp$GA25fAe+LJvKPZ3ohuF0V84x2V7J0JyxBLgUEJ05FiE=",
        "last_login": "2019-10-20T01:08:25.517Z",
        "is_superuser": true,
        "username": "admin",
        "first_name": "",
        "last_name": "",
        "email": "admin@admin.com",
        "is_staff": true,
        "is_active": true,
        "date_joined": "2019-10-19T15:04:34.381Z",
        "groups": [],
        "user_permissions": []
    }
},
{
    "model": "sessions.session",
    "pk": "f3e0m8f3pjlywvuv1ssppc477tgnnhi8",
    "fields": {
        "session_data": "M2FjMzhiMmNkMDlkOWIzM2U1ODliMmU2OWU0OTI1NDIxOTc3ZDFmNjp7Il9hdXRoX3VzZXJfaWQiOiIxIiwiX2F1dGhfdXNlcl9iYWNrZW5kIjoiZGphbmdvLmNvbnRyaWIuYXV0aC5iYWNrZW5kcy5Nb2RlbEJhY2tlbmQiLCJfYXV0aF91c2VyX2hhc2giOiJkNTMyZDQwMWQ1OWJlYmY0MWY3NTdkNDNlYjljYWVhNmE3Y2RiNDU5In0=",
        "expire_date": "2019-11-02T23:42:15.663Z"
    }
},
{
    "model": "sessions.session",
    "pk": "jmjkbwrqoo351so9onr5s301yhwmdio3",
    "fields": {
        "session_data": "M2FjMzhiMmNkMDlkOWIzM2U1ODliMmU2OWU0OTI1NDIxOTc3ZDFmNjp7Il9hdXRoX3VzZXJfaWQiOiIxIiwiX2F1dGhfdXNlcl9iYWNrZW5kIjoiZGphbmdvLmNvbnRyaWIuYXV0aC5iYWNrZW5kcy5Nb2RlbEJhY2tlbmQiLCJfYXV0aF91c2VyX2hhc2giOiJkNTMyZDQwMWQ1OWJlYmY0MWY3NTdkNDNlYjljYWVhNmE3Y2RiNDU5In0=",
        "expire_date": "2019-11-02T15:04:39.824Z"
    }
},
{
    "model": "sessions.session",
    "pk": "x7ibcbsqck7disxznda1x71erbo7xxfu",
    "fields": {
        "session_data": "M2FjMzhiMmNkMDlkOWIzM2U1ODliMmU2OWU0OTI1NDIxOTc3ZDFmNjp7Il9hdXRoX3VzZXJfaWQiOiIxIiwiX2F1dGhfdXNlcl9iYWNrZW5kIjoiZGphbmdvLmNvbnRyaWIuYXV0aC5iYWNrZW5kcy5Nb2RlbEJhY2tlbmQiLCJfYXV0aF91c2VyX2hhc2giOiJkNTMyZDQwMWQ1OWJlYmY0MWY3NTdkNDNlYjljYWVhNmE3Y2RiNDU5In0=",
        "expire_date": "2019-11-03T01:08:25.522Z"
    }
},
{
    "model": "produto.produto",
    "pk": 3,
    "fields": {
        "nome": "Massa Industrial",
        "descricao": "Massa processada industrialmente",
        "url_imagem": null,
        "produtor": 2,
        "user": [
            "admin"
        ],
        "metricas": []
    }
},
{
    "model": "produto.produto",
    "pk": 4,
    "fields": {
        "nome": "Trigo do Campo",
        "descricao": "Melhor trigo",
        "url_imagem": null,
        "produtor": 3,
        "user": [
            "admin"
        ],
        "metricas": []
    }
},
{
    "model": "produto.produto",
    "pk": 5,
    "fields": {
        "nome": "Carne",
        "descricao": "",
        "url_imagem": null,
        "produtor": 4,
        "user": [
            "admin"
        ],
        "metricas": [
            1,
            2,
            3,
            4
        ]
    }
},
{
    "model": "produto.produto",
    "pk": 6,
    "fields": {
        "nome": "Faffale ao molho de tomate",
        "descricao": "",
        "url_imagem": "https://res.cloudinary.com/trackfarmcdn/image/upload/v1571526762/mainImages/macarrao_djdfzk.jpg",
        "produtor": 1,
        "user": [
            "admin"
        ],
        "metricas": []
    }
},
{
    "model": "produto.produto",
    "pk": 8,
    "fields": {
        "nome": "Molho Pesto",
        "descricao": "",
        "url_imagem": null,
        "produtor": 2,
        "user": [
            "admin"
        ],
        "metricas": []
    }
},
{
    "model": "produto.produto",
    "pk": 9,
    "fields": {
        "nome": "Salada de Alface Crespa, Alface Roxa e R\u00facula",
        "descricao": "",
        "url_imagem": "https://res.cloudinary.com/trackfarmcdn/image/upload/v1571526762/mainImages/salada_skm3vw.jpg",
        "produtor": 1,
        "user": [
            "admin"
        ],
        "metricas": []
    }
},
{
    "model": "produto.produto",
    "pk": 10,
    "fields": {
        "nome": "Molho de Tomate",
        "descricao": "",
        "url_imagem": "https://res.cloudinary.com/trackfarmcdn/image/upload/v1571501429/mainImages/tomato-sauce_3_vmzpv6.png",
        "produtor": 3,
        "user": [
            "admin"
        ],
        "metricas": [
            1,
            2,
            3,
            4
        ]
    }
},
{
    "model": "produto.produto",
    "pk": 11,
    "fields": {
        "nome": "Farffale",
        "descricao": "",
        "url_imagem": "https://res.cloudinary.com/trackfarmcdn/image/upload/v1571501429/mainImages/tomato-sauce_3_vmzpv6.png",
        "produtor": 4,
        "user": [
            "admin"
        ],
        "metricas": [
            1,
            2,
            3,
            4
        ]
    }
},
{
    "model": "produto.metrica",
    "pk": 1,
    "fields": {
        "nome": "Apresenta\u00e7\u00e3o",
        "url_imagem": "https://res.cloudinary.com/trackfarmcdn/image/upload/v1571528205/mainImages/thinking_tt05fr.png",
        "user": [
            "admin"
        ],
        "processos": [
            1,
            2,
            3,
            4
        ]
    }
},
{
    "model": "produto.metrica",
    "pk": 2,
    "fields": {
        "nome": "Sabor",
        "url_imagem": "https://res.cloudinary.com/trackfarmcdn/image/upload/v1571528329/mainImages/in-love_tytozp.png",
        "user": [
            "admin"
        ],
        "processos": [
            5,
            6,
            7,
            8,
            9
        ]
    }
},
{
    "model": "produto.metrica",
    "pk": 3,
    "fields": {
        "nome": "Nutri\u00e7\u00e3o",
        "url_imagem": "https://res.cloudinary.com/trackfarmcdn/image/upload/v1571528199/mainImages/strong_udlbbk.png",
        "user": [
            "admin"
        ],
        "processos": [
            10,
            11,
            12
        ]
    }
},
{
    "model": "produto.metrica",
    "pk": 4,
    "fields": {
        "nome": "Higiene",
        "url_imagem": "https://res.cloudinary.com/trackfarmcdn/image/upload/v1571528329/mainImages/in-love_tytozp.png",
        "user": [
            "admin"
        ],
        "processos": [
            13,
            14,
            15,
            16,
            17
        ]
    }
},
{
    "model": "produto.processo",
    "pk": 1,
    "fields": {
        "nome": "Recebimento",
        "descricao": "Recebimento"
    }
},
{
    "model": "produto.processo",
    "pk": 2,
    "fields": {
        "nome": "Polpa Concentrada em latas",
        "descricao": "Polpa Concentrada em latas"
    }
},
{
    "model": "produto.processo",
    "pk": 3,
    "fields": {
        "nome": "Tritura\u00e7\u00e3o",
        "descricao": "Tritura\u00e7\u00e3o"
    }
},
{
    "model": "produto.processo",
    "pk": 4,
    "fields": {
        "nome": "Holding",
        "descricao": "Holding"
    }
},
{
    "model": "produto.processo",
    "pk": 5,
    "fields": {
        "nome": "Fechamento",
        "descricao": "Fechamento"
    }
},
{
    "model": "produto.processo",
    "pk": 6,
    "fields": {
        "nome": "Enchimento a quente de tambores",
        "descricao": "Enchimento a quente de tambores"
    }
},
{
    "model": "produto.processo",
    "pk": 7,
    "fields": {
        "nome": "Suco",
        "descricao": "Suco"
    }
},
{
    "model": "produto.processo",
    "pk": 8,
    "fields": {
        "nome": "Reservat\u00f3rio",
        "descricao": "Reservat\u00f3rio"
    }
},
{
    "model": "produto.processo",
    "pk": 9,
    "fields": {
        "nome": "Refina\u00e7\u00e3o",
        "descricao": "Refina\u00e7\u00e3o"
    }
},
{
    "model": "produto.processo",
    "pk": 10,
    "fields": {
        "nome": "Sele\u00e7\u00e3o",
        "descricao": "Sele\u00e7\u00e3o"
    }
},
{
    "model": "produto.processo",
    "pk": 11,
    "fields": {
        "nome": "Despolpamento e refina\u00e7\u00e3o",
        "descricao": "Despolpamento e refina\u00e7\u00e3o"
    }
},
{
    "model": "produto.processo",
    "pk": 12,
    "fields": {
        "nome": "Evapora\u00e7\u00e3o (concentra\u00e7\u00e3o)",
        "descricao": "Evapora\u00e7\u00e3o (concentra\u00e7\u00e3o)"
    }
},
{
    "model": "produto.processo",
    "pk": 13,
    "fields": {
        "nome": "Lavagem",
        "descricao": "Lavagem"
    }
},
{
    "model": "produto.processo",
    "pk": 14,
    "fields": {
        "nome": "Resfriamento Rotativo",
        "descricao": "Resfriamento Rotativo"
    }
},
{
    "model": "produto.processo",
    "pk": 15,
    "fields": {
        "nome": "Tomate",
        "descricao": "Tomate"
    }
},
{
    "model": "produto.processo",
    "pk": 16,
    "fields": {
        "nome": "Pasteuriza\u00e7\u00e3o",
        "descricao": "Pasteuriza\u00e7\u00e3o"
    }
},
{
    "model": "produto.processo",
    "pk": 17,
    "fields": {
        "nome": "Tratamento T\u00e9rmico",
        "descricao": "Tratamento T\u00e9rmico"
    }
},
{
    "model": "produto.lote",
    "pk": 1,
    "fields": {
        "nome": "Lote A Penne",
        "data": "2019-10-31",
        "produto": null,
        "user": [
            "admin"
        ],
        "composto": [
            2,
            3
        ]
    }
},
{
    "model": "produto.lote",
    "pk": 2,
    "fields": {
        "nome": "Lote A Trigo",
        "data": "2019-10-19",
        "produto": 4,
        "user": [
            "admin"
        ],
        "composto": []
    }
},
{
    "model": "produto.lote",
    "pk": 3,
    "fields": {
        "nome": "Lote A Molho Pesto",
        "data": "2019-10-20",
        "produto": 8,
        "user": [
            "admin"
        ],
        "composto": []
    }
},
{
    "model": "produto.lote",
    "pk": 4,
    "fields": {
        "nome": "Lote A Farffale ao molho de tomate",
        "data": "2019-10-20",
        "produto": 6,
        "user": [
            "admin"
        ],
        "composto": [
            5,
            6
        ]
    }
},
{
    "model": "produto.lote",
    "pk": 5,
    "fields": {
        "nome": "Lote A Molho de Tomate",
        "data": "2019-10-20",
        "produto": 10,
        "user": [
            "admin"
        ],
        "composto": []
    }
},
{
    "model": "produto.lote",
    "pk": 6,
    "fields": {
        "nome": "Lote A Farffale",
        "data": "2019-10-20",
        "produto": 11,
        "user": [
            "admin"
        ],
        "composto": []
    }
},
{
    "model": "produto.historicolote",
    "pk": 2,
    "fields": {
        "lote": 2,
        "processo": 1,
        "data": "2019-10-22",
        "user": [
            "admin"
        ]
    }
},
{
    "model": "produto.historicolote",
    "pk": 3,
    "fields": {
        "lote": 2,
        "processo": 3,
        "data": "2019-10-10",
        "user": [
            "admin"
        ]
    }
},
{
    "model": "produto.historicolote",
    "pk": 4,
    "fields": {
        "lote": 5,
        "processo": 1,
        "data": "2019-10-20",
        "user": [
            "admin"
        ]
    }
},
{
    "model": "produto.historicolote",
    "pk": 5,
    "fields": {
        "lote": 5,
        "processo": 5,
        "data": "2019-10-20",
        "user": [
            "admin"
        ]
    }
},
{
    "model": "produto.historicolote",
    "pk": 6,
    "fields": {
        "lote": 5,
        "processo": 10,
        "data": "2019-10-20",
        "user": [
            "admin"
        ]
    }
},
{
    "model": "produto.historicolote",
    "pk": 7,
    "fields": {
        "lote": 5,
        "processo": 15,
        "data": "2019-10-20",
        "user": [
            "admin"
        ]
    }
},
{
    "model": "produto.historicolote",
    "pk": 8,
    "fields": {
        "lote": 6,
        "processo": 1,
        "data": "2019-10-20",
        "user": [
            "admin"
        ]
    }
},
{
    "model": "produto.historicolote",
    "pk": 9,
    "fields": {
        "lote": 6,
        "processo": 5,
        "data": "2019-10-20",
        "user": [
            "admin"
        ]
    }
},
{
    "model": "produto.historicolote",
    "pk": 10,
    "fields": {
        "lote": 6,
        "processo": 7,
        "data": "2019-10-20",
        "user": [
            "admin"
        ]
    }
},
{
    "model": "produto.historicolote",
    "pk": 11,
    "fields": {
        "lote": 6,
        "processo": 10,
        "data": "2019-10-21",
        "user": [
            "admin"
        ]
    }
},
{
    "model": "produto.historicolote",
    "pk": 12,
    "fields": {
        "lote": 6,
        "processo": 3,
        "data": "2019-10-20",
        "user": [
            "admin"
        ]
    }
},
{
    "model": "produto.historicolote",
    "pk": 13,
    "fields": {
        "lote": 5,
        "processo": 4,
        "data": "2019-10-20",
        "user": [
            "admin"
        ]
    }
},
{
    "model": "produtor.produtor",
    "pk": 1,
    "fields": {
        "nome": "Spoleto",
        "tipo": 30,
        "descricao": null,
        "user": [
            "admin"
        ]
    }
},
{
    "model": "produtor.produtor",
    "pk": 2,
    "fields": {
        "nome": "Grupo Trigo",
        "tipo": 20,
        "descricao": null,
        "user": [
            "admin"
        ]
    }
},
{
    "model": "produtor.produtor",
    "pk": 3,
    "fields": {
        "nome": "Fazenda Jos\u00e9",
        "tipo": 10,
        "descricao": "Descri\u00e7\u00e3o da fazenda do Jos\u00e9",
        "user": [
            "admin"
        ]
    }
},
{
    "model": "produtor.produtor",
    "pk": 4,
    "fields": {
        "nome": "Fazenda do Jo\u00e3o",
        "tipo": 10,
        "descricao": "Descri\u00e7\u00e3o da fazenda do Jo\u00e3o",
        "user": [
            "admin"
        ]
    }
},
{
    "model": "produtor.local",
    "pk": 1,
    "fields": {
        "nome": "Spoleto Rio Branco",
        "endereco": "end",
        "produtor": 1
    }
},
{
    "model": "admin.logentry",
    "pk": 1,
    "fields": {
        "action_time": "2019-10-19T17:23:19.480Z",
        "user": [
            "admin"
        ],
        "content_type": [
            "produto",
            "produto"
        ],
        "object_id": "1",
        "object_repr": "Massa",
        "action_flag": 1,
        "change_message": "[{\"added\": {}}]"
    }
},
{
    "model": "admin.logentry",
    "pk": 2,
    "fields": {
        "action_time": "2019-10-19T17:23:44.015Z",
        "user": [
            "admin"
        ],
        "content_type": [
            "produto",
            "produto"
        ],
        "object_id": "2",
        "object_repr": "Penne ao pesto",
        "action_flag": 1,
        "change_message": "[{\"added\": {}}]"
    }
},
{
    "model": "admin.logentry",
    "pk": 3,
    "fields": {
        "action_time": "2019-10-19T17:24:49.057Z",
        "user": [
            "admin"
        ],
        "content_type": [
            "produtor",
            "produtor"
        ],
        "object_id": "1",
        "object_repr": "Spoleto",
        "action_flag": 1,
        "change_message": "[{\"added\": {}}]"
    }
},
{
    "model": "admin.logentry",
    "pk": 4,
    "fields": {
        "action_time": "2019-10-19T17:25:13.194Z",
        "user": [
            "admin"
        ],
        "content_type": [
            "produtor",
            "produtor"
        ],
        "object_id": "2",
        "object_repr": "Grupo Trigo",
        "action_flag": 1,
        "change_message": "[{\"added\": {}}]"
    }
},
{
    "model": "admin.logentry",
    "pk": 5,
    "fields": {
        "action_time": "2019-10-19T17:26:09.302Z",
        "user": [
            "admin"
        ],
        "content_type": [
            "produto",
            "produto"
        ],
        "object_id": "3",
        "object_repr": "Massa Industrial",
        "action_flag": 1,
        "change_message": "[{\"added\": {}}]"
    }
},
{
    "model": "admin.logentry",
    "pk": 6,
    "fields": {
        "action_time": "2019-10-19T17:26:11.655Z",
        "user": [
            "admin"
        ],
        "content_type": [
            "produtor",
            "produtor"
        ],
        "object_id": "2",
        "object_repr": "Grupo Trigo",
        "action_flag": 2,
        "change_message": "[{\"changed\": {\"fields\": [\"produtos\"]}}]"
    }
},
{
    "model": "admin.logentry",
    "pk": 7,
    "fields": {
        "action_time": "2019-10-19T17:27:13.166Z",
        "user": [
            "admin"
        ],
        "content_type": [
            "produtor",
            "produtor"
        ],
        "object_id": "3",
        "object_repr": "Trigo do Campo",
        "action_flag": 1,
        "change_message": "[{\"added\": {}}]"
    }
},
{
    "model": "admin.logentry",
    "pk": 8,
    "fields": {
        "action_time": "2019-10-19T17:27:46.865Z",
        "user": [
            "admin"
        ],
        "content_type": [
            "produto",
            "produto"
        ],
        "object_id": "4",
        "object_repr": "Trigo do Campo",
        "action_flag": 1,
        "change_message": "[{\"added\": {}}]"
    }
},
{
    "model": "admin.logentry",
    "pk": 9,
    "fields": {
        "action_time": "2019-10-19T17:27:48.708Z",
        "user": [
            "admin"
        ],
        "content_type": [
            "produtor",
            "produtor"
        ],
        "object_id": "3",
        "object_repr": "Fazenda Jos\u00e9",
        "action_flag": 2,
        "change_message": "[{\"changed\": {\"fields\": [\"nome\", \"produtos\"]}}]"
    }
},
{
    "model": "admin.logentry",
    "pk": 10,
    "fields": {
        "action_time": "2019-10-19T17:28:44.023Z",
        "user": [
            "admin"
        ],
        "content_type": [
            "produto",
            "produto"
        ],
        "object_id": "1",
        "object_repr": "Massa",
        "action_flag": 2,
        "change_message": "[{\"changed\": {\"fields\": [\"composicao\"]}}]"
    }
},
{
    "model": "admin.logentry",
    "pk": 11,
    "fields": {
        "action_time": "2019-10-19T17:29:04.900Z",
        "user": [
            "admin"
        ],
        "content_type": [
            "produto",
            "produto"
        ],
        "object_id": "3",
        "object_repr": "Massa Industrial",
        "action_flag": 2,
        "change_message": "[{\"changed\": {\"fields\": [\"composicao\"]}}]"
    }
},
{
    "model": "admin.logentry",
    "pk": 12,
    "fields": {
        "action_time": "2019-10-19T17:29:16.666Z",
        "user": [
            "admin"
        ],
        "content_type": [
            "produto",
            "produto"
        ],
        "object_id": "1",
        "object_repr": "Massa",
        "action_flag": 3,
        "change_message": ""
    }
},
{
    "model": "admin.logentry",
    "pk": 13,
    "fields": {
        "action_time": "2019-10-19T17:29:25.850Z",
        "user": [
            "admin"
        ],
        "content_type": [
            "produto",
            "produto"
        ],
        "object_id": "2",
        "object_repr": "Penne ao pesto",
        "action_flag": 2,
        "change_message": "[{\"changed\": {\"fields\": [\"composicao\"]}}]"
    }
},
{
    "model": "admin.logentry",
    "pk": 14,
    "fields": {
        "action_time": "2019-10-19T17:53:20.286Z",
        "user": [
            "admin"
        ],
        "content_type": [
            "produto",
            "produto"
        ],
        "object_id": "4",
        "object_repr": "Trigo do Campo - Fazenda Jos\u00e9",
        "action_flag": 2,
        "change_message": "[{\"changed\": {\"fields\": [\"produtor\"]}}]"
    }
},
{
    "model": "admin.logentry",
    "pk": 15,
    "fields": {
        "action_time": "2019-10-19T17:53:26.941Z",
        "user": [
            "admin"
        ],
        "content_type": [
            "produto",
            "produto"
        ],
        "object_id": "3",
        "object_repr": "Massa Industrial - Grupo Trigo",
        "action_flag": 2,
        "change_message": "[{\"changed\": {\"fields\": [\"produtor\"]}}]"
    }
},
{
    "model": "admin.logentry",
    "pk": 16,
    "fields": {
        "action_time": "2019-10-19T17:53:45.498Z",
        "user": [
            "admin"
        ],
        "content_type": [
            "produto",
            "produto"
        ],
        "object_id": "2",
        "object_repr": "Penne ao pesto - Spoleto",
        "action_flag": 2,
        "change_message": "[{\"changed\": {\"fields\": [\"produtor\"]}}]"
    }
},
{
    "model": "admin.logentry",
    "pk": 17,
    "fields": {
        "action_time": "2019-10-19T18:01:00.461Z",
        "user": [
            "admin"
        ],
        "content_type": [
            "produtor",
            "local"
        ],
        "object_id": "1",
        "object_repr": "Spoleto Rio Branco - Spoleto",
        "action_flag": 1,
        "change_message": "[{\"added\": {}}]"
    }
},
{
    "model": "admin.logentry",
    "pk": 18,
    "fields": {
        "action_time": "2019-10-19T18:05:07.699Z",
        "user": [
            "admin"
        ],
        "content_type": [
            "produto",
            "caracteristicaetapa"
        ],
        "object_id": "1",
        "object_repr": "Plantado a mao",
        "action_flag": 1,
        "change_message": "[{\"added\": {}}]"
    }
},
{
    "model": "admin.logentry",
    "pk": 19,
    "fields": {
        "action_time": "2019-10-19T18:09:05.048Z",
        "user": [
            "admin"
        ],
        "content_type": [
            "produto",
            "etapapreparacao"
        ],
        "object_id": "1",
        "object_repr": "Planta\u00e7\u00e3o",
        "action_flag": 1,
        "change_message": "[{\"added\": {}}]"
    }
},
{
    "model": "admin.logentry",
    "pk": 20,
    "fields": {
        "action_time": "2019-10-19T18:19:38.180Z",
        "user": [
            "admin"
        ],
        "content_type": [
            "produtor",
            "produtor"
        ],
        "object_id": "4",
        "object_repr": "Fazenda do Jo\u00e3o",
        "action_flag": 1,
        "change_message": "[{\"added\": {}}]"
    }
},
{
    "model": "admin.logentry",
    "pk": 21,
    "fields": {
        "action_time": "2019-10-19T18:19:42.840Z",
        "user": [
            "admin"
        ],
        "content_type": [
            "produto",
            "produto"
        ],
        "object_id": "5",
        "object_repr": "Carne - Fazenda do Jo\u00e3o",
        "action_flag": 1,
        "change_message": "[{\"added\": {}}]"
    }
},
{
    "model": "admin.logentry",
    "pk": 22,
    "fields": {
        "action_time": "2019-10-19T18:19:49.308Z",
        "user": [
            "admin"
        ],
        "content_type": [
            "produto",
            "produto"
        ],
        "object_id": "6",
        "object_repr": "Bife Acebolado - Spoleto",
        "action_flag": 1,
        "change_message": "[{\"added\": {}}]"
    }
},
{
    "model": "admin.logentry",
    "pk": 23,
    "fields": {
        "action_time": "2019-10-19T18:23:38.724Z",
        "user": [
            "admin"
        ],
        "content_type": [
            "produto",
            "processo"
        ],
        "object_id": "1",
        "object_repr": "Recebimento",
        "action_flag": 1,
        "change_message": "[{\"added\": {}}]"
    }
},
{
    "model": "admin.logentry",
    "pk": 24,
    "fields": {
        "action_time": "2019-10-19T18:24:15.726Z",
        "user": [
            "admin"
        ],
        "content_type": [
            "produto",
            "processo"
        ],
        "object_id": "2",
        "object_repr": "Polpa Concentrada em latas",
        "action_flag": 1,
        "change_message": "[{\"added\": {}}]"
    }
},
{
    "model": "admin.logentry",
    "pk": 25,
    "fields": {
        "action_time": "2019-10-19T18:24:24.370Z",
        "user": [
            "admin"
        ],
        "content_type": [
            "produto",
            "processo"
        ],
        "object_id": "3",
        "object_repr": "Tritura\u00e7\u00e3o",
        "action_flag": 1,
        "change_message": "[{\"added\": {}}]"
    }
},
{
    "model": "admin.logentry",
    "pk": 26,
    "fields": {
        "action_time": "2019-10-19T18:24:33.521Z",
        "user": [
            "admin"
        ],
        "content_type": [
            "produto",
            "processo"
        ],
        "object_id": "4",
        "object_repr": "Holding",
        "action_flag": 1,
        "change_message": "[{\"added\": {}}]"
    }
},
{
    "model": "admin.logentry",
    "pk": 27,
    "fields": {
        "action_time": "2019-10-19T18:24:36.459Z",
        "user": [
            "admin"
        ],
        "content_type": [
            "produto",
            "metrica"
        ],
        "object_id": "1",
        "object_repr": "Apresenta\u00e7\u00e3o",
        "action_flag": 1,
        "change_message": "[{\"added\": {}}]"
    }
},
{
    "model": "admin.logentry",
    "pk": 28,
    "fields": {
        "action_time": "2019-10-19T18:24:41.182Z",
        "user": [
            "admin"
        ],
        "content_type": [
            "produto",
            "produto"
        ],
        "object_id": "5",
        "object_repr": "Carne - Fazenda do Jo\u00e3o",
        "action_flag": 2,
        "change_message": "[{\"changed\": {\"fields\": [\"metricas\"]}}]"
    }
},
{
    "model": "admin.logentry",
    "pk": 29,
    "fields": {
        "action_time": "2019-10-19T18:25:16.473Z",
        "user": [
            "admin"
        ],
        "content_type": [
            "produto",
            "processo"
        ],
        "object_id": "5",
        "object_repr": "Fechamento",
        "action_flag": 1,
        "change_message": "[{\"added\": {}}]"
    }
},
{
    "model": "admin.logentry",
    "pk": 30,
    "fields": {
        "action_time": "2019-10-19T18:25:33.974Z",
        "user": [
            "admin"
        ],
        "content_type": [
            "produto",
            "processo"
        ],
        "object_id": "6",
        "object_repr": "Enchimento a quente de tambores",
        "action_flag": 1,
        "change_message": "[{\"added\": {}}]"
    }
},
{
    "model": "admin.logentry",
    "pk": 31,
    "fields": {
        "action_time": "2019-10-19T18:25:44.245Z",
        "user": [
            "admin"
        ],
        "content_type": [
            "produto",
            "processo"
        ],
        "object_id": "7",
        "object_repr": "Suco",
        "action_flag": 1,
        "change_message": "[{\"added\": {}}]"
    }
},
{
    "model": "admin.logentry",
    "pk": 32,
    "fields": {
        "action_time": "2019-10-19T18:25:56.736Z",
        "user": [
            "admin"
        ],
        "content_type": [
            "produto",
            "processo"
        ],
        "object_id": "8",
        "object_repr": "Reservat\u00f3rio",
        "action_flag": 1,
        "change_message": "[{\"added\": {}}]"
    }
},
{
    "model": "admin.logentry",
    "pk": 33,
    "fields": {
        "action_time": "2019-10-19T18:26:09.681Z",
        "user": [
            "admin"
        ],
        "content_type": [
            "produto",
            "processo"
        ],
        "object_id": "9",
        "object_repr": "Refina\u00e7\u00e3o",
        "action_flag": 1,
        "change_message": "[{\"added\": {}}]"
    }
},
{
    "model": "admin.logentry",
    "pk": 34,
    "fields": {
        "action_time": "2019-10-19T18:26:25.003Z",
        "user": [
            "admin"
        ],
        "content_type": [
            "produto",
            "metrica"
        ],
        "object_id": "2",
        "object_repr": "Sabor",
        "action_flag": 1,
        "change_message": "[{\"added\": {}}]"
    }
},
{
    "model": "admin.logentry",
    "pk": 35,
    "fields": {
        "action_time": "2019-10-19T18:26:28.206Z",
        "user": [
            "admin"
        ],
        "content_type": [
            "produto",
            "produto"
        ],
        "object_id": "5",
        "object_repr": "Carne - Fazenda do Jo\u00e3o",
        "action_flag": 2,
        "change_message": "[{\"changed\": {\"fields\": [\"metricas\"]}}]"
    }
},
{
    "model": "admin.logentry",
    "pk": 36,
    "fields": {
        "action_time": "2019-10-19T18:26:50.652Z",
        "user": [
            "admin"
        ],
        "content_type": [
            "produto",
            "processo"
        ],
        "object_id": "10",
        "object_repr": "Sele\u00e7\u00e3o",
        "action_flag": 1,
        "change_message": "[{\"added\": {}}]"
    }
},
{
    "model": "admin.logentry",
    "pk": 37,
    "fields": {
        "action_time": "2019-10-19T18:27:04.780Z",
        "user": [
            "admin"
        ],
        "content_type": [
            "produto",
            "processo"
        ],
        "object_id": "11",
        "object_repr": "Despolpamento e refina\u00e7\u00e3o",
        "action_flag": 1,
        "change_message": "[{\"added\": {}}]"
    }
},
{
    "model": "admin.logentry",
    "pk": 38,
    "fields": {
        "action_time": "2019-10-19T18:27:18.405Z",
        "user": [
            "admin"
        ],
        "content_type": [
            "produto",
            "processo"
        ],
        "object_id": "12",
        "object_repr": "Evapora\u00e7\u00e3o (concentra\u00e7\u00e3o)",
        "action_flag": 1,
        "change_message": "[{\"added\": {}}]"
    }
},
{
    "model": "admin.logentry",
    "pk": 39,
    "fields": {
        "action_time": "2019-10-19T18:27:19.606Z",
        "user": [
            "admin"
        ],
        "content_type": [
            "produto",
            "metrica"
        ],
        "object_id": "3",
        "object_repr": "Nutri\u00e7\u00e3o",
        "action_flag": 1,
        "change_message": "[{\"added\": {}}]"
    }
},
{
    "model": "admin.logentry",
    "pk": 40,
    "fields": {
        "action_time": "2019-10-19T18:27:21.711Z",
        "user": [
            "admin"
        ],
        "content_type": [
            "produto",
            "produto"
        ],
        "object_id": "5",
        "object_repr": "Carne - Fazenda do Jo\u00e3o",
        "action_flag": 2,
        "change_message": "[{\"changed\": {\"fields\": [\"metricas\"]}}]"
    }
},
{
    "model": "admin.logentry",
    "pk": 41,
    "fields": {
        "action_time": "2019-10-19T18:27:45.569Z",
        "user": [
            "admin"
        ],
        "content_type": [
            "produto",
            "processo"
        ],
        "object_id": "13",
        "object_repr": "Lavagem",
        "action_flag": 1,
        "change_message": "[{\"added\": {}}]"
    }
},
{
    "model": "admin.logentry",
    "pk": 42,
    "fields": {
        "action_time": "2019-10-19T18:28:01.293Z",
        "user": [
            "admin"
        ],
        "content_type": [
            "produto",
            "processo"
        ],
        "object_id": "14",
        "object_repr": "Resfriamento Rotativo",
        "action_flag": 1,
        "change_message": "[{\"added\": {}}]"
    }
},
{
    "model": "admin.logentry",
    "pk": 43,
    "fields": {
        "action_time": "2019-10-19T18:28:10.252Z",
        "user": [
            "admin"
        ],
        "content_type": [
            "produto",
            "processo"
        ],
        "object_id": "15",
        "object_repr": "Tomate",
        "action_flag": 1,
        "change_message": "[{\"added\": {}}]"
    }
},
{
    "model": "admin.logentry",
    "pk": 44,
    "fields": {
        "action_time": "2019-10-19T18:28:29.221Z",
        "user": [
            "admin"
        ],
        "content_type": [
            "produto",
            "processo"
        ],
        "object_id": "16",
        "object_repr": "Pasteuriza\u00e7\u00e3o",
        "action_flag": 1,
        "change_message": "[{\"added\": {}}]"
    }
},
{
    "model": "admin.logentry",
    "pk": 45,
    "fields": {
        "action_time": "2019-10-19T18:28:45.333Z",
        "user": [
            "admin"
        ],
        "content_type": [
            "produto",
            "processo"
        ],
        "object_id": "17",
        "object_repr": "Tratamento T\u00e9rmico",
        "action_flag": 1,
        "change_message": "[{\"added\": {}}]"
    }
},
{
    "model": "admin.logentry",
    "pk": 46,
    "fields": {
        "action_time": "2019-10-19T18:28:46.464Z",
        "user": [
            "admin"
        ],
        "content_type": [
            "produto",
            "metrica"
        ],
        "object_id": "4",
        "object_repr": "Higiene",
        "action_flag": 1,
        "change_message": "[{\"added\": {}}]"
    }
},
{
    "model": "admin.logentry",
    "pk": 47,
    "fields": {
        "action_time": "2019-10-19T18:28:47.545Z",
        "user": [
            "admin"
        ],
        "content_type": [
            "produto",
            "produto"
        ],
        "object_id": "5",
        "object_repr": "Carne - Fazenda do Jo\u00e3o",
        "action_flag": 2,
        "change_message": "[{\"changed\": {\"fields\": [\"metricas\"]}}]"
    }
},
{
    "model": "admin.logentry",
    "pk": 48,
    "fields": {
        "action_time": "2019-10-19T18:32:38.511Z",
        "user": [
            "admin"
        ],
        "content_type": [
            "produto",
            "produto"
        ],
        "object_id": "7",
        "object_repr": "teste - Spoleto",
        "action_flag": 1,
        "change_message": "[{\"added\": {}}]"
    }
},
{
    "model": "admin.logentry",
    "pk": 49,
    "fields": {
        "action_time": "2019-10-19T18:32:44.193Z",
        "user": [
            "admin"
        ],
        "content_type": [
            "produto",
            "produto"
        ],
        "object_id": "7",
        "object_repr": "teste - Spoleto",
        "action_flag": 3,
        "change_message": ""
    }
},
{
    "model": "admin.logentry",
    "pk": 50,
    "fields": {
        "action_time": "2019-10-19T19:11:08.510Z",
        "user": [
            "admin"
        ],
        "content_type": [
            "produto",
            "lote"
        ],
        "object_id": "1",
        "object_repr": "Lote A",
        "action_flag": 1,
        "change_message": "[{\"added\": {}}]"
    }
},
{
    "model": "admin.logentry",
    "pk": 51,
    "fields": {
        "action_time": "2019-10-19T19:51:33.219Z",
        "user": [
            "admin"
        ],
        "content_type": [
            "produto",
            "lote"
        ],
        "object_id": "1",
        "object_repr": "Lote A Penne",
        "action_flag": 2,
        "change_message": "[{\"changed\": {\"fields\": [\"nome\", \"produto\"]}}]"
    }
},
{
    "model": "admin.logentry",
    "pk": 52,
    "fields": {
        "action_time": "2019-10-19T19:54:46.206Z",
        "user": [
            "admin"
        ],
        "content_type": [
            "produto",
            "produto"
        ],
        "object_id": "2",
        "object_repr": "Penne ao pesto - Spoleto",
        "action_flag": 2,
        "change_message": "[{\"changed\": {\"fields\": [\"composicao\"]}}]"
    }
},
{
    "model": "admin.logentry",
    "pk": 53,
    "fields": {
        "action_time": "2019-10-19T19:59:00.812Z",
        "user": [
            "admin"
        ],
        "content_type": [
            "produto",
            "lote"
        ],
        "object_id": "2",
        "object_repr": "Lote A Trigo",
        "action_flag": 1,
        "change_message": "[{\"added\": {}}]"
    }
},
{
    "model": "admin.logentry",
    "pk": 54,
    "fields": {
        "action_time": "2019-10-19T19:59:06.638Z",
        "user": [
            "admin"
        ],
        "content_type": [
            "produto",
            "lote"
        ],
        "object_id": "1",
        "object_repr": "Lote A Penne",
        "action_flag": 2,
        "change_message": "[]"
    }
},
{
    "model": "admin.logentry",
    "pk": 55,
    "fields": {
        "action_time": "2019-10-19T19:59:32.619Z",
        "user": [
            "admin"
        ],
        "content_type": [
            "produto",
            "lote"
        ],
        "object_id": "1",
        "object_repr": "Lote A Penne",
        "action_flag": 2,
        "change_message": "[{\"changed\": {\"fields\": [\"composto\"]}}]"
    }
},
{
    "model": "admin.logentry",
    "pk": 56,
    "fields": {
        "action_time": "2019-10-19T20:37:55.095Z",
        "user": [
            "admin"
        ],
        "content_type": [
            "produto",
            "lote"
        ],
        "object_id": "1",
        "object_repr": "Lote A Penne",
        "action_flag": 2,
        "change_message": "[{\"changed\": {\"fields\": [\"composto\"]}}]"
    }
},
{
    "model": "admin.logentry",
    "pk": 57,
    "fields": {
        "action_time": "2019-10-19T20:40:30.282Z",
        "user": [
            "admin"
        ],
        "content_type": [
            "produto",
            "lote"
        ],
        "object_id": "1",
        "object_repr": "Lote A Penne",
        "action_flag": 2,
        "change_message": "[{\"changed\": {\"fields\": [\"composto\"]}}]"
    }
},
{
    "model": "admin.logentry",
    "pk": 58,
    "fields": {
        "action_time": "2019-10-19T21:03:57.834Z",
        "user": [
            "admin"
        ],
        "content_type": [
            "produto",
            "historicolote"
        ],
        "object_id": "2",
        "object_repr": "Lote A Trigo - Recebimento",
        "action_flag": 1,
        "change_message": "[{\"added\": {}}]"
    }
},
{
    "model": "admin.logentry",
    "pk": 59,
    "fields": {
        "action_time": "2019-10-19T21:09:02.247Z",
        "user": [
            "admin"
        ],
        "content_type": [
            "produto",
            "produto"
        ],
        "object_id": "8",
        "object_repr": "Molho Pesto - Grupo Trigo",
        "action_flag": 1,
        "change_message": "[{\"added\": {}}]"
    }
},
{
    "model": "admin.logentry",
    "pk": 60,
    "fields": {
        "action_time": "2019-10-19T21:09:10.375Z",
        "user": [
            "admin"
        ],
        "content_type": [
            "produto",
            "lote"
        ],
        "object_id": "3",
        "object_repr": "Lote A Molho Pesto",
        "action_flag": 1,
        "change_message": "[{\"added\": {}}]"
    }
},
{
    "model": "admin.logentry",
    "pk": 61,
    "fields": {
        "action_time": "2019-10-19T21:09:18.782Z",
        "user": [
            "admin"
        ],
        "content_type": [
            "produto",
            "lote"
        ],
        "object_id": "1",
        "object_repr": "Lote A Penne",
        "action_flag": 2,
        "change_message": "[{\"changed\": {\"fields\": [\"composto\"]}}]"
    }
},
{
    "model": "admin.logentry",
    "pk": 62,
    "fields": {
        "action_time": "2019-10-19T21:10:37.239Z",
        "user": [
            "admin"
        ],
        "content_type": [
            "produto",
            "historicolote"
        ],
        "object_id": "3",
        "object_repr": "Lote A Trigo - Tritura\u00e7\u00e3o",
        "action_flag": 1,
        "change_message": "[{\"added\": {}}]"
    }
},
{
    "model": "admin.logentry",
    "pk": 63,
    "fields": {
        "action_time": "2019-10-20T03:12:39.783Z",
        "user": [
            "admin"
        ],
        "content_type": [
            "produto",
            "produto"
        ],
        "object_id": "6",
        "object_repr": "Faffale ao molho de tomate - Spoleto",
        "action_flag": 2,
        "change_message": "[{\"changed\": {\"fields\": [\"nome\"]}}]"
    }
},
{
    "model": "admin.logentry",
    "pk": 64,
    "fields": {
        "action_time": "2019-10-20T03:13:21.875Z",
        "user": [
            "admin"
        ],
        "content_type": [
            "produto",
            "produto"
        ],
        "object_id": "9",
        "object_repr": "Salada de Alface Crespa, Alface Roxa e R\u00facula - Spoleto",
        "action_flag": 1,
        "change_message": "[{\"added\": {}}]"
    }
},
{
    "model": "admin.logentry",
    "pk": 65,
    "fields": {
        "action_time": "2019-10-20T03:13:39.814Z",
        "user": [
            "admin"
        ],
        "content_type": [
            "produto",
            "produto"
        ],
        "object_id": "6",
        "object_repr": "Faffale ao molho de tomate - Spoleto",
        "action_flag": 2,
        "change_message": "[{\"changed\": {\"fields\": [\"url_imagem\"]}}]"
    }
},
{
    "model": "admin.logentry",
    "pk": 66,
    "fields": {
        "action_time": "2019-10-20T03:13:56.690Z",
        "user": [
            "admin"
        ],
        "content_type": [
            "produto",
            "produto"
        ],
        "object_id": "2",
        "object_repr": "Penne ao pesto - Spoleto",
        "action_flag": 3,
        "change_message": ""
    }
},
{
    "model": "admin.logentry",
    "pk": 67,
    "fields": {
        "action_time": "2019-10-20T03:44:50.846Z",
        "user": [
            "admin"
        ],
        "content_type": [
            "produto",
            "lote"
        ],
        "object_id": "4",
        "object_repr": "Lote A Farffale ao molho de tomate",
        "action_flag": 1,
        "change_message": "[{\"added\": {}}]"
    }
},
{
    "model": "admin.logentry",
    "pk": 68,
    "fields": {
        "action_time": "2019-10-20T03:45:39.763Z",
        "user": [
            "admin"
        ],
        "content_type": [
            "produto",
            "produto"
        ],
        "object_id": "10",
        "object_repr": "Molho de Tomate - Fazenda Jos\u00e9",
        "action_flag": 1,
        "change_message": "[{\"added\": {}}]"
    }
},
{
    "model": "admin.logentry",
    "pk": 69,
    "fields": {
        "action_time": "2019-10-20T03:45:51.586Z",
        "user": [
            "admin"
        ],
        "content_type": [
            "produto",
            "lote"
        ],
        "object_id": "5",
        "object_repr": "Lote A Molho de Tomate",
        "action_flag": 1,
        "change_message": "[{\"added\": {}}]"
    }
},
{
    "model": "admin.logentry",
    "pk": 70,
    "fields": {
        "action_time": "2019-10-20T03:45:56.895Z",
        "user": [
            "admin"
        ],
        "content_type": [
            "produto",
            "lote"
        ],
        "object_id": "4",
        "object_repr": "Lote A Farffale ao molho de tomate",
        "action_flag": 2,
        "change_message": "[{\"changed\": {\"fields\": [\"composto\"]}}]"
    }
},
{
    "model": "admin.logentry",
    "pk": 71,
    "fields": {
        "action_time": "2019-10-20T03:46:59.544Z",
        "user": [
            "admin"
        ],
        "content_type": [
            "produto",
            "produto"
        ],
        "object_id": "10",
        "object_repr": "Molho de Tomate - Fazenda Jos\u00e9",
        "action_flag": 2,
        "change_message": "[{\"changed\": {\"fields\": [\"url_imagem\"]}}]"
    }
},
{
    "model": "admin.logentry",
    "pk": 72,
    "fields": {
        "action_time": "2019-10-20T03:48:09.487Z",
        "user": [
            "admin"
        ],
        "content_type": [
            "produto",
            "produto"
        ],
        "object_id": "11",
        "object_repr": "Farffale - Fazenda Jos\u00e9",
        "action_flag": 1,
        "change_message": "[{\"added\": {}}]"
    }
},
{
    "model": "admin.logentry",
    "pk": 73,
    "fields": {
        "action_time": "2019-10-20T03:48:13.375Z",
        "user": [
            "admin"
        ],
        "content_type": [
            "produto",
            "lote"
        ],
        "object_id": "6",
        "object_repr": "Lote A Farffale",
        "action_flag": 1,
        "change_message": "[{\"added\": {}}]"
    }
},
{
    "model": "admin.logentry",
    "pk": 74,
    "fields": {
        "action_time": "2019-10-20T03:48:35.232Z",
        "user": [
            "admin"
        ],
        "content_type": [
            "produto",
            "lote"
        ],
        "object_id": "4",
        "object_repr": "Lote A Farffale ao molho de tomate",
        "action_flag": 2,
        "change_message": "[{\"changed\": {\"fields\": [\"composto\"]}}]"
    }
},
{
    "model": "admin.logentry",
    "pk": 75,
    "fields": {
        "action_time": "2019-10-20T03:58:32.543Z",
        "user": [
            "admin"
        ],
        "content_type": [
            "produto",
            "produto"
        ],
        "object_id": "6",
        "object_repr": "Faffale ao molho de tomate AAAA - Spoleto",
        "action_flag": 2,
        "change_message": "[{\"changed\": {\"fields\": [\"nome\"]}}]"
    }
},
{
    "model": "admin.logentry",
    "pk": 76,
    "fields": {
        "action_time": "2019-10-20T03:58:48.169Z",
        "user": [
            "admin"
        ],
        "content_type": [
            "produto",
            "produto"
        ],
        "object_id": "6",
        "object_repr": "Faffale ao molho de tomate - Spoleto",
        "action_flag": 2,
        "change_message": "[{\"changed\": {\"fields\": [\"nome\"]}}]"
    }
},
{
    "model": "admin.logentry",
    "pk": 77,
    "fields": {
        "action_time": "2019-10-20T04:00:59.018Z",
        "user": [
            "admin"
        ],
        "content_type": [
            "produto",
            "lote"
        ],
        "object_id": "4",
        "object_repr": "Lote A Farffale ao molho de tomate",
        "action_flag": 2,
        "change_message": "[]"
    }
},
{
    "model": "admin.logentry",
    "pk": 78,
    "fields": {
        "action_time": "2019-10-20T04:03:24.525Z",
        "user": [
            "admin"
        ],
        "content_type": [
            "produto",
            "produto"
        ],
        "object_id": "10",
        "object_repr": "Molho de Tomate - Fazenda Jos\u00e9",
        "action_flag": 2,
        "change_message": "[{\"changed\": {\"fields\": [\"metricas\"]}}]"
    }
},
{
    "model": "admin.logentry",
    "pk": 79,
    "fields": {
        "action_time": "2019-10-20T04:07:05.549Z",
        "user": [
            "admin"
        ],
        "content_type": [
            "produto",
            "produto"
        ],
        "object_id": "11",
        "object_repr": "Farffale - Fazenda Jos\u00e9",
        "action_flag": 2,
        "change_message": "[{\"changed\": {\"fields\": [\"metricas\"]}}]"
    }
},
{
    "model": "admin.logentry",
    "pk": 80,
    "fields": {
        "action_time": "2019-10-20T04:16:04.113Z",
        "user": [
            "admin"
        ],
        "content_type": [
            "produtor",
            "produtor"
        ],
        "object_id": "3",
        "object_repr": "Fazenda Jos\u00e9",
        "action_flag": 2,
        "change_message": "[{\"changed\": {\"fields\": [\"descricao\"]}}]"
    }
},
{
    "model": "admin.logentry",
    "pk": 81,
    "fields": {
        "action_time": "2019-10-20T05:04:47.244Z",
        "user": [
            "admin"
        ],
        "content_type": [
            "produto",
            "historicolote"
        ],
        "object_id": "4",
        "object_repr": "Lote A Molho de Tomate - Recebimento",
        "action_flag": 1,
        "change_message": "[{\"added\": {}}]"
    }
},
{
    "model": "admin.logentry",
    "pk": 82,
    "fields": {
        "action_time": "2019-10-20T05:23:26.551Z",
        "user": [
            "admin"
        ],
        "content_type": [
            "produto",
            "historicolote"
        ],
        "object_id": "5",
        "object_repr": "Lote A Molho de Tomate - Fechamento",
        "action_flag": 1,
        "change_message": "[{\"added\": {}}]"
    }
},
{
    "model": "admin.logentry",
    "pk": 83,
    "fields": {
        "action_time": "2019-10-20T05:23:56.496Z",
        "user": [
            "admin"
        ],
        "content_type": [
            "produto",
            "historicolote"
        ],
        "object_id": "6",
        "object_repr": "Lote A Molho de Tomate - Sele\u00e7\u00e3o",
        "action_flag": 1,
        "change_message": "[{\"added\": {}}]"
    }
},
{
    "model": "admin.logentry",
    "pk": 84,
    "fields": {
        "action_time": "2019-10-20T05:24:25.728Z",
        "user": [
            "admin"
        ],
        "content_type": [
            "produto",
            "historicolote"
        ],
        "object_id": "7",
        "object_repr": "Lote A Molho de Tomate - Tomate",
        "action_flag": 1,
        "change_message": "[{\"added\": {}}]"
    }
},
{
    "model": "admin.logentry",
    "pk": 85,
    "fields": {
        "action_time": "2019-10-20T05:28:12.168Z",
        "user": [
            "admin"
        ],
        "content_type": [
            "produto",
            "historicolote"
        ],
        "object_id": "8",
        "object_repr": "Lote A Farffale - Recebimento",
        "action_flag": 1,
        "change_message": "[{\"added\": {}}]"
    }
},
{
    "model": "admin.logentry",
    "pk": 86,
    "fields": {
        "action_time": "2019-10-20T05:28:22.469Z",
        "user": [
            "admin"
        ],
        "content_type": [
            "produto",
            "historicolote"
        ],
        "object_id": "9",
        "object_repr": "Lote A Farffale - Fechamento",
        "action_flag": 1,
        "change_message": "[{\"added\": {}}]"
    }
},
{
    "model": "admin.logentry",
    "pk": 87,
    "fields": {
        "action_time": "2019-10-20T05:28:47.637Z",
        "user": [
            "admin"
        ],
        "content_type": [
            "produto",
            "historicolote"
        ],
        "object_id": "10",
        "object_repr": "Lote A Farffale - Suco",
        "action_flag": 1,
        "change_message": "[{\"added\": {}}]"
    }
},
{
    "model": "admin.logentry",
    "pk": 88,
    "fields": {
        "action_time": "2019-10-20T05:29:00.870Z",
        "user": [
            "admin"
        ],
        "content_type": [
            "produto",
            "historicolote"
        ],
        "object_id": "11",
        "object_repr": "Lote A Farffale - Sele\u00e7\u00e3o",
        "action_flag": 1,
        "change_message": "[{\"added\": {}}]"
    }
},
{
    "model": "admin.logentry",
    "pk": 89,
    "fields": {
        "action_time": "2019-10-20T05:42:20.680Z",
        "user": [
            "admin"
        ],
        "content_type": [
            "produto",
            "produto"
        ],
        "object_id": "11",
        "object_repr": "Farffale - Fazenda do Jo\u00e3o",
        "action_flag": 2,
        "change_message": "[{\"changed\": {\"fields\": [\"produtor\"]}}]"
    }
},
{
    "model": "admin.logentry",
    "pk": 90,
    "fields": {
        "action_time": "2019-10-20T05:43:26.995Z",
        "user": [
            "admin"
        ],
        "content_type": [
            "produtor",
            "produtor"
        ],
        "object_id": "4",
        "object_repr": "Fazenda do Jo\u00e3o",
        "action_flag": 2,
        "change_message": "[{\"changed\": {\"fields\": [\"descricao\"]}}]"
    }
},
{
    "model": "admin.logentry",
    "pk": 91,
    "fields": {
        "action_time": "2019-10-20T05:43:37.591Z",
        "user": [
            "admin"
        ],
        "content_type": [
            "produtor",
            "produtor"
        ],
        "object_id": "3",
        "object_repr": "Fazenda Jos\u00e9",
        "action_flag": 2,
        "change_message": "[{\"changed\": {\"fields\": [\"descricao\"]}}]"
    }
},
{
    "model": "admin.logentry",
    "pk": 92,
    "fields": {
        "action_time": "2019-10-20T06:59:36.661Z",
        "user": [
            "admin"
        ],
        "content_type": [
            "produto",
            "metrica"
        ],
        "object_id": "2",
        "object_repr": "Sabor",
        "action_flag": 2,
        "change_message": "[{\"changed\": {\"fields\": [\"url_imagem\"]}}]"
    }
},
{
    "model": "admin.logentry",
    "pk": 93,
    "fields": {
        "action_time": "2019-10-20T06:59:55.089Z",
        "user": [
            "admin"
        ],
        "content_type": [
            "produto",
            "metrica"
        ],
        "object_id": "3",
        "object_repr": "Nutri\u00e7\u00e3o",
        "action_flag": 2,
        "change_message": "[{\"changed\": {\"fields\": [\"url_imagem\"]}}]"
    }
},
{
    "model": "admin.logentry",
    "pk": 94,
    "fields": {
        "action_time": "2019-10-20T07:00:08.593Z",
        "user": [
            "admin"
        ],
        "content_type": [
            "produto",
            "metrica"
        ],
        "object_id": "1",
        "object_repr": "Apresenta\u00e7\u00e3o",
        "action_flag": 2,
        "change_message": "[{\"changed\": {\"fields\": [\"url_imagem\"]}}]"
    }
},
{
    "model": "admin.logentry",
    "pk": 95,
    "fields": {
        "action_time": "2019-10-20T07:01:10.534Z",
        "user": [
            "admin"
        ],
        "content_type": [
            "produto",
            "metrica"
        ],
        "object_id": "4",
        "object_repr": "Higiene",
        "action_flag": 2,
        "change_message": "[{\"changed\": {\"fields\": [\"url_imagem\"]}}]"
    }
},
{
    "model": "admin.logentry",
    "pk": 96,
    "fields": {
        "action_time": "2019-10-20T07:04:29.758Z",
        "user": [
            "admin"
        ],
        "content_type": [
            "produto",
            "historicolote"
        ],
        "object_id": "12",
        "object_repr": "Lote A Farffale - Tritura\u00e7\u00e3o",
        "action_flag": 1,
        "change_message": "[{\"added\": {}}]"
    }
},
{
    "model": "admin.logentry",
    "pk": 97,
    "fields": {
        "action_time": "2019-10-20T07:04:48.505Z",
        "user": [
            "admin"
        ],
        "content_type": [
            "produto",
            "historicolote"
        ],
        "object_id": "13",
        "object_repr": "Lote A Molho de Tomate - Holding",
        "action_flag": 1,
        "change_message": "[{\"added\": {}}]"
    }
}
]
